Código do fundo,Setor,Preço Atual,Liquidez Diária,Dividendo,Dividend Yield,DY (3M) Acumulado,DY (6M) Acumulado,DY (12M) Acumulado,DY (3M) Média,DY (6M) Média,DY (12M) Média,DY Ano,Variação Preço,Rentab. Período,Rentab. Acumulada,Patrimônio Líq.,VPA,P/VPA,DY Patrimonial,Variação Patrimonial,Rentab. Patr. no Período,Rentab. Patr. Acumulada,Vacância Física,Vacância Financeira,Quantidade Ativos
FIVN11,Shoppings,3.25,1841,0.00,0.00,0.00,0.00,0.00,0.00,0.00,0.00,,0.00,0.00,0.00,72396365.96,7.69,0.42,,,,,56.00,,1
BZLI11,Títulos e Val Mob,17.00,33,0.00,0.00,0.00,0.00,0.00,0.00,0.00,0.00,0.00,0.68,0.68,1.14,448456317.82,10.80,1.57,,,,,,,0
XTED11,Lajes Corporativas,8.82,2223,0.00,0.00,0.00,0.00,0.00,0.00,0.00,0.00,0.00,1.10,1.10,-37.83,27688895.17,13.26,0.67,,,,,0.00,100.00,1
ALMI11,Lajes Corporativas,821.00,70,0.00,0.00,0.00,0.00,0.00,0.00,0.00,0.00,0.00,2.27,2.27,-28.29,224603756.71,220.24,0.41,,,,,64.05,,1
PABY11,Híbrido,12.35,122,0.00,0.00,0.00,0.00,0.00,0.00,0.00,0.00,0.00,-19.84,-19.84,-31.62,-12536949.41,-16.53,-0.75,,,,,,,1
ORPD11,Títulos e Val Mob,11.00,50,1.38,,,,,,,,,,,,42900966.32,147.93,0.07,,,,,,,0
GSFI11,Shoppings,5.15,1185,0.00,0.03,0.03,0.03,0.03,0.01,0.00,0.00,0.03,0.00,0.03,0.03,16534856.41,14.16,0.36,,,,,10.30,,10
PRSV11,Lajes Corporativas,125.00,10,1.62,0.42,1.53,2.91,5.95,0.51,0.48,0.50,4.46,5.30,5.74,-11.25,42731432.05,219.14,0.57,,,,,40.90,,2
FAMB11B,Lajes Corporativas,716.00,434,9.16,0.56,2.17,4.78,10.43,0.72,0.80,0.87,8.82,-47.80,-47.51,-47.80,313538497.89,2991.78,0.24,,,,,100.00,,1
FMOF11,Lajes Corporativas,55.00,1,0.64,,,,,,,,,,,,60314340.44,118.73,0.46,,,,,52.08,,1
HGRS11,Residencial,,,0.00,0.00,0.00,0.00,0.00,0.00,0.00,0.00,,0.00,0.00,0.00,151277514.01,101.33,,,,,,,,0
RBDS11,Residencial,3.34,96,0.00,0.00,0.00,0.00,0.00,0.00,0.00,0.00,0.00,0.00,0.00,0.00,254363.78,20.10,0.17,,,,,,,0
VXXV11,Outros,990.00,3536,10.76,,,,,,,,,,,,249711450.21,941.31,1.05,,,,,,,0
HRDF11,Híbrido,0.94,111,6.80,,,,,,,,,,,,938392.29,1.24,0.76,,,,,,,0
CJCT11,Lajes Corporativas,67.50,806,0.00,,,,,,,,,,,,206620369.41,65.80,1.03,,,,,59.00,,1
CTXT11,Lajes Corporativas,11.59,78,0.09,0.39,0.78,1.36,5.53,0.26,0.23,0.46,1.36,-2.58,-2.20,-39.31,108223523.09,34.30,0.34,,,,,97.00,,1
SRVD11,Títulos e Val Mob,7.00,54,0.10,1.01,0.00,0.00,0.00,0.00,0.00,0.00,1.01,0.00,1.01,1.01,71282243.86,0.74,9.46,,,,,,,0
RBIR11,Residencial,61.50,131,0.00,0.00,0.00,0.00,0.00,0.00,0.00,0.00,0.00,0.00,0.00,0.00,145499599.99,95.18,0.65,,,,,,,0
CARE11,Híbrido,2.12,3454,0.00,0.23,0.66,1.36,1.60,0.22,0.23,0.13,1.36,-2.63,-2.41,5.65,29193995.38,8.14,0.26,,,,,,,0
RBGS11,Shoppings,28.45,5157,0.18,0.62,1.59,2.73,5.12,0.53,0.46,0.43,5.12,-1.90,-1.29,-28.71,97865283.71,90.78,0.31,0.18,0.00,0.18,1.17,13.00,,1
IBFF11,Títulos e Val Mob,66.40,1924,0.30,0.44,2.01,4.58,9.52,0.67,0.76,0.79,5.42,7.50,7.98,19.59,9855905.16,14.78,4.49,,,,,,,0
YUFI11B,Residencial,,,0.63,0.00,0.00,0.00,0.00,0.00,0.00,0.00,,0.00,0.00,0.00,5131566.94,103.59,,,,,,,,0
CORM11,Híbrido,99.42,20270,0.77,0.90,2.76,5.35,11.38,0.92,0.89,0.95,6.20,-2.97,-2.10,-4.27,85655510.06,84.20,1.18,,,,,,,0
BLCP11,Outros,91.00,123,0.56,0.62,1.72,3.46,6.64,0.57,0.58,0.55,5.31,-0.54,0.08,19.93,256580339.90,111.74,0.81,0.50,-0.02,0.49,15.81,6.20,,2
RBCO11,Lajes Corporativas,44.00,2717,0.20,0.45,1.50,4.23,8.64,0.50,0.70,0.72,7.12,5.64,6.12,-15.03,34273942.37,90.52,0.49,,,,,46.00,50.00,4
VVPR11,Híbrido,101.50,2211,0.89,0.88,2.47,4.88,9.73,0.82,0.81,0.81,6.57,2.01,2.91,15.95,22632234.18,98.03,1.04,,,,,0.00,,6
MBRF11,Outros,679.00,438,10.00,1.47,4.42,9.59,17.77,1.47,1.60,1.48,16.27,0.00,1.47,15.18,78384711.06,771.02,0.88,,,,,0.00,,2
BTCR11,Títulos e Val Mob,88.00,6663,0.90,1.00,2.93,6.64,13.56,0.98,1.11,1.13,11.59,-6.19,-5.26,9.82,458252683.73,95.27,0.92,0.94,0.64,1.59,4.62,,,0
KNRE11,Residencial,0.67,4286,0.04,6.74,0.00,0.00,0.00,0.00,0.00,0.00,6.74,0.00,6.74,6.74,1436869.14,0.76,0.89,,,,,,,0
JRDM11,Shoppings,80.30,299,0.65,0.84,2.27,4.38,8.67,0.76,0.73,0.72,6.64,-2.41,-1.60,17.06,225243958.17,89.28,0.90,,,,,2.77,,1
FEXC11,Títulos e Val Mob,83.50,9153,0.95,0.00,0.00,0.00,0.00,0.00,0.00,0.00,,0.00,0.00,6.46,101470167.13,90.57,0.92,,,,,,,0
ARCT11,Híbrido,87.13,6496,0.39,0.44,2.13,4.81,13.92,0.71,0.80,1.16,13.92,-0.42,0.03,-7.05,369956160.07,99.77,0.87,0.76,0.04,0.80,6.31,,,4
JRDM11,Shoppings,80.30,299,0.52,0.65,2.08,4.20,8.49,0.69,0.70,0.71,6.46,-0.05,0.60,19.67,225243958.17,89.28,0.90,,,,,2.77,,1
BMLC11,Lajes Corporativas,101.99,43,0.66,0.65,2.50,4.71,9.20,0.83,0.78,0.77,0.65,0.00,0.65,0.65,108966338.84,109.14,0.93,0.81,-0.05,0.76,4.10,7.00,,2
ONEF11,Lajes Corporativas,174.00,350,0.98,0.57,1.67,3.29,6.77,0.56,0.55,0.56,0.57,0.00,0.57,0.57,183590865.67,201.53,0.86,,,,,0.00,,1
RBRR11,Títulos e Val Mob,84.75,33549,0.95,1.14,2.98,5.55,12.52,0.99,0.92,1.04,1.14,0.00,1.14,1.14,1269607818.89,94.47,0.90,1.01,0.00,1.01,1.01,,,0
RECT11,Híbrido,51.30,9660,0.54,1.06,2.89,5.38,10.25,0.96,0.90,0.85,1.06,0.00,1.06,1.06,798131351.87,93.42,0.55,0.58,0.00,0.58,0.58,15.10,,8
TORD11,Outros,5.48,86648,0.05,0.93,2.57,5.12,11.45,0.86,0.85,0.95,0.93,0.00,0.93,0.93,490440876.72,13.99,0.39,0.36,0.00,0.36,0.36,,,0
BLMG11,Logística,67.94,6577,0.79,1.15,3.29,6.08,11.90,1.10,1.01,0.99,1.15,0.00,1.15,1.15,361649669.40,94.91,0.72,0.83,0.00,0.83,0.83,0.00,0.00,4
BCFF11,Títulos e Val Mob,63.17,35447,0.56,0.89,2.58,4.96,9.96,0.86,0.83,0.83,0.89,0.00,0.89,0.89,1903260829.67,75.57,0.84,0.74,-3.03,-2.31,1.30,,,0
GCRA11,Híbrido,95.69,6183,1.22,1.28,3.80,7.39,0.00,1.27,1.23,0.00,1.28,0.00,1.28,1.28,17164899.62,98.04,0.98,1.24,0.00,1.24,1.24,,,0
FAED11,Outros,146.92,137,1.64,1.15,3.28,6.28,12.61,1.09,1.05,1.05,1.15,0.00,1.15,1.15,13975248.22,217.63,0.68,,,,,0.00,,3
RELG11,Híbrido,70.79,564,0.70,0.99,3.20,5.43,12.18,1.07,0.90,1.02,0.99,0.00,0.99,0.99,162678938.67,121.90,0.58,0.57,0.00,0.57,0.57,10.40,10.40,3
QIRI11,Títulos e Val Mob,78.04,39,89.64,114.86,116.71,119.51,123.94,38.90,19.92,10.33,121.86,1.48,118.05,99.75,13441852.95,89.61,0.87,,,,,,,0
BRCR11,Híbrido,56.59,22040,0.47,0.86,2.50,4.69,9.07,0.83,0.78,0.76,0.86,0.00,0.86,0.86,267322814.44,100.35,0.56,0.50,0.15,0.65,-1.63,21.00,25.80,15
SEQR11,Outros,60.26,3254,0.69,1.15,3.33,6.34,12.19,1.11,1.06,1.02,1.15,0.00,1.15,1.15,150393845.51,93.50,0.64,0.74,0.00,0.74,0.74,0.00,,0
DVFF11,Híbrido,68.51,175,0.70,1.04,3.35,6.18,12.42,1.12,1.03,1.03,1.04,0.00,1.04,1.04,100294718.52,91.10,0.75,,,,,,,0
RECR11,Títulos e Val Mob,83.70,52891,0.99,1.15,3.04,5.06,12.98,1.01,0.84,1.08,1.15,0.00,1.15,1.15,2520797688.65,95.33,0.88,1.04,0.00,1.04,1.04,,,0
HCTR11,Outros,80.59,212712,1.00,1.05,3.24,6.41,14.35,1.08,1.07,1.20,1.05,0.00,1.05,1.05,2662283878.50,120.55,0.67,0.83,0.00,0.83,0.83,,,0
CEOC11,Lajes Corporativas,53.52,1718,0.65,1.18,3.17,5.65,10.58,1.06,0.94,0.88,1.18,0.00,1.18,1.18,14385334.17,78.80,0.68,,,,,0.00,,1
MGFF11,Títulos e Val Mob,54.62,8800,0.54,1.01,2.80,5.28,10.86,0.93,0.88,0.91,1.01,0.00,1.01,1.01,655755708.91,72.45,0.75,0.73,-6.10,-5.41,-2.96,,,0
VSLH11,Outros,7.60,214854,0.11,1.49,3.49,7.23,14.42,1.16,1.21,1.20,1.49,0.00,1.49,1.49,31354506.69,10.48,0.73,1.05,0.00,1.05,1.05,,,0
CXCI11,,77.34,564,0.83,1.11,3.29,6.31,0.00,1.10,1.05,0.00,1.11,0.00,1.11,1.11,186974571.02,90.86,0.85,0.91,0.00,0.91,0.91,,,0
MAXR11,Outros,63.00,810,0.32,0.54,2.36,4.84,9.32,0.79,0.81,0.78,0.54,0.00,0.54,0.54,13922535.82,123.50,0.51,0.26,0.00,0.26,0.26,2.80,,8
DEVA11,Títulos e Val Mob,78.20,273136,1.10,1.26,3.47,5.72,13.90,1.16,0.95,1.16,1.26,0.00,1.26,1.26,1420869973.77,101.17,0.77,1.09,0.00,1.09,1.09,,,0
RBRP11,Outros,45.19,11735,0.27,0.58,1.67,3.72,8.16,0.56,0.62,0.68,0.58,0.00,0.58,0.58,951532894.45,78.13,0.58,0.35,0.00,0.35,0.35,13.00,6.00,17
AGRX11,,10.70,1473,0.16,1.56,3.49,0.00,0.00,1.16,0.00,0.00,1.56,0.00,1.56,1.56,,,,,,,,,,0
DCRA11,,9.18,20854,0.12,1.33,3.95,3.95,0.00,1.32,0.66,0.00,1.33,0.00,1.33,1.33,,,,,,,,,,0
EGAF11,,101.62,4370,1.47,1.45,0.00,0.00,0.00,0.00,0.00,0.00,1.45,0.00,1.45,1.45,,,,,,,,,,0
RCRB11,Lajes Corporativas,114.85,2606,0.73,0.65,1.88,3.44,6.51,0.63,0.57,0.54,0.65,0.00,0.65,0.65,769415100.83,208.47,0.55,0.35,0.00,0.35,0.35,28.40,,10
BLCA11,Lajes Corporativas,115.00,15,0.57,0.66,1.89,3.67,6.26,0.63,0.61,0.52,0.66,0.00,0.66,0.66,228125530.48,142.58,0.81,0.40,0.00,0.40,0.40,0.00,,1
CPFF11,Híbrido,59.84,2735,0.37,0.65,2.46,4.92,10.11,0.82,0.82,0.84,0.65,0.00,0.65,0.65,42946317.49,78.73,0.76,0.76,-2.56,-1.82,6.71,,,0
RVBI11,Títulos e Val Mob,70.47,4476,0.75,1.07,3.11,5.97,11.79,1.04,1.00,0.98,1.07,0.00,1.07,1.07,11877561.25,82.48,0.85,0.91,0.00,0.91,0.91,,,0
SNAG11,,100.80,9780,1.20,1.19,3.55,0.00,0.00,1.18,0.00,0.00,1.19,0.00,1.19,1.19,302916557.87,100.97,1.00,1.19,0.00,1.19,1.19,,,0
CVBI11,Títulos e Val Mob,90.34,17276,1.10,1.24,3.28,5.54,13.00,1.09,0.92,1.08,1.24,0.00,1.24,1.24,133955309.88,93.91,0.96,1.17,0.00,1.17,1.17,,,0
IRDM11,Títulos e Val Mob,89.71,68072,0.95,1.04,2.77,5.62,12.81,0.92,0.94,1.07,1.04,0.00,1.04,1.04,3389714938.91,93.04,0.96,0.75,-1.77,-1.03,3.28,,,0
RBRY11,Títulos e Val Mob,95.50,12302,1.15,1.21,3.45,6.63,14.09,1.15,1.11,1.17,1.21,0.00,1.21,1.21,553436918.69,99.78,0.96,1.15,0.00,1.15,1.15,,,0
GAME11,Híbrido,8.67,22351,0.10,1.15,3.40,6.58,14.59,1.13,1.10,1.22,1.15,0.00,1.15,1.15,213370670.49,9.83,0.88,,,,,,,0
IBCR11,Títulos e Val Mob,76.90,726,0.90,1.20,2.97,6.62,15.03,0.99,1.10,1.25,1.20,0.00,1.20,1.20,91539316.32,95.51,0.81,0.84,-0.91,-0.08,9.49,,,0
KEVE11,Residencial,990.02,1,3.05,0.32,0.00,0.00,0.00,0.00,0.00,0.00,0.32,0.00,0.32,0.32,13782140.88,928.11,1.07,0.33,0.00,0.33,0.33,,,0
SCPF11,Shoppings,5.26,912,0.05,0.91,1.85,2.52,3.98,0.62,0.42,0.33,0.91,0.00,0.91,0.91,4980141.51,11.69,0.45,0.40,0.00,0.40,0.40,29.30,,1
DRIT11B,Lajes Corporativas,86.00,8,0.54,0.53,1.95,4.09,6.40,0.65,0.68,0.53,0.53,0.00,0.53,0.53,61319180.53,132.36,0.65,,,,,10.47,,6
BRIP11,Híbrido,1150.00,4,107.00,0.00,0.00,0.00,0.00,0.00,0.00,0.00,,0.00,0.00,0.00,201153616.78,974.23,1.18,10.98,0.00,10.98,10.98,,,0
RBRL11,Logística,73.60,7975,0.65,0.91,2.49,4.60,9.07,0.83,0.77,0.76,0.91,0.00,0.91,0.91,709284653.49,106.07,0.69,0.61,0.00,0.61,0.61,0.00,0.00,6
FGAA11,,9.92,165876,0.14,1.42,4.24,4.24,0.00,1.41,0.71,0.00,1.42,0.00,1.42,1.42,,,,,,,,,,0
IRIM11,Híbrido,91.01,436,1.02,1.12,2.87,5.76,14.36,0.96,0.96,1.20,1.12,0.00,1.12,1.12,186681888.44,97.23,0.94,0.74,-1.35,-0.62,2.72,,,0
RBRF11,Títulos e Val Mob,66.85,22574,0.63,0.96,2.80,5.25,10.44,0.93,0.88,0.87,0.96,0.00,0.96,0.96,1130629129.06,82.64,0.81,0.76,-4.16,-3.43,0.80,,,0
CPTR11,,98.82,18940,1.45,1.50,4.40,4.40,0.00,1.47,0.73,0.00,1.50,0.00,1.50,1.50,408344526.08,98.68,1.00,1.42,0.00,1.42,1.42,,,0
CPTS11,Títulos e Val Mob,78.81,70509,0.75,0.98,2.18,5.47,12.54,0.73,0.91,1.04,0.98,0.00,0.98,0.98,2858127870.96,89.93,0.88,0.41,-1.83,-1.42,1.66,,,0
MCHF11,Títulos e Val Mob,8.95,158118,0.10,1.16,3.50,7.05,14.01,1.17,1.18,1.17,1.16,0.00,1.16,1.16,302861569.80,9.37,0.96,1.17,-1.49,-0.33,0.21,,,0
VGIR11,Títulos e Val Mob,9.76,489191,0.13,1.36,3.81,7.73,15.08,1.27,1.29,1.26,1.36,0.00,1.36,1.36,993272195.20,9.62,1.01,1.35,-0.20,1.15,-89.14,,,0
MGHT11,Hotel,60.03,764,0.80,1.36,3.68,6.90,13.50,1.23,1.15,1.12,1.36,0.00,1.36,1.36,112466978.44,85.61,0.70,0.76,-0.45,0.30,-6.08,,,0
TRNT11,Lajes Corporativas,109.00,247,0.40,0.32,1.01,1.76,3.95,0.34,0.29,0.33,0.32,0.00,0.32,0.32,774860922.43,196.89,0.55,,,,,49.90,,1
VGIP11,Outros,83.25,16802,0.80,0.99,2.49,4.61,12.95,0.83,0.77,1.08,0.99,0.00,0.99,0.99,168757358.59,90.67,0.92,0.50,-1.78,-1.29,8.00,,,0
MCCI11,Títulos e Val Mob,84.86,42321,0.95,1.12,3.59,6.99,13.35,1.20,1.17,1.11,1.12,0.00,1.12,1.12,1348562788.74,92.40,0.92,1.19,-2.01,-0.85,3.25,,,0
VGIA11,Títulos e Val Mob,9.77,708647,0.15,1.53,4.45,9.00,17.71,1.48,1.50,1.48,1.53,0.00,1.53,1.53,696376367.76,9.53,1.03,1.47,0.13,1.60,8.14,,,0
HCRI11,Hospital,237.71,116,2.51,1.10,3.74,6.46,11.10,1.25,1.08,0.93,1.10,0.00,1.10,1.10,61592370.00,307.96,0.77,,,,,0.00,,1
BRLA11,Híbrido,138.85,6,1.09,0.76,2.27,14.91,18.53,0.76,2.48,1.54,0.76,0.00,0.76,0.76,426827499.46,157.77,0.88,0.69,0.04,0.74,-8.63,,,0
OURE11,Títulos e Val Mob,72.05,1990,1.00,1.35,3.84,7.71,15.18,1.28,1.28,1.27,1.35,0.00,1.35,1.35,9749798.76,90.52,0.80,1.10,0.00,1.10,1.10,,,0
RECX11,Outros,64.77,23,0.70,1.09,2.78,6.00,11.81,0.93,1.00,0.98,1.09,0.00,1.09,1.09,1759567.76,78.14,0.83,,,,,,,0
OUFF11,Títulos e Val Mob,61.68,1028,0.70,1.11,3.30,6.51,13.16,1.10,1.08,1.10,1.11,0.00,1.11,1.11,13375275.39,73.72,0.84,0.95,0.00,0.95,0.95,,,0
GCFF11,Títulos e Val Mob,68.42,1398,0.70,1.01,3.03,6.13,12.41,1.01,1.02,1.03,1.01,0.00,1.01,1.01,26903483.90,79.46,0.86,0.88,0.00,0.88,0.88,,,0
MORE11,Títulos e Val Mob,61.09,5857,0.66,1.09,2.82,5.34,11.59,0.94,0.89,0.97,1.09,0.00,1.09,1.09,193189471.08,83.30,0.73,0.72,-5.04,-4.36,-2.74,,,0
WTSP11B,Híbrido,30.00,271,0.20,0.57,2.34,4.61,7.19,0.78,0.77,0.60,0.57,0.00,0.57,0.57,71930941.49,72.47,0.41,0.28,0.00,0.28,0.28,,,0
AFHI11,Títulos e Val Mob,94.20,5909,1.05,1.12,3.16,6.37,14.39,1.05,1.06,1.20,1.12,0.00,1.12,1.12,286309475.82,94.82,0.99,1.01,-0.94,0.06,5.00,,,0
GCRI11,Títulos e Val Mob,90.55,4964,1.10,1.23,3.59,7.16,15.83,1.20,1.19,1.32,1.23,0.00,1.23,1.23,112371669.04,94.37,0.96,,,,,,,0
NAVT11,Títulos e Val Mob,71.37,2797,0.85,1.20,3.55,6.75,13.59,1.18,1.13,1.13,1.20,0.00,1.20,1.20,94740518.92,89.84,0.79,0.95,-3.92,-3.02,0.49,,,0
MGCR11,Títulos e Val Mob,80.60,6335,0.86,1.10,3.30,7.29,15.28,1.10,1.22,1.27,1.10,0.00,1.10,1.10,127904113.96,89.93,0.90,1.00,-2.99,-2.02,4.14,,,0
OULG11,Outros,37.62,657,0.41,1.04,2.37,3.49,8.64,0.79,0.58,0.72,1.04,0.00,1.04,1.04,166782420.80,67.22,0.56,0.61,0.00,0.61,0.61,0.00,,2
SNCI11,Títulos e Val Mob,97.87,5769,1.00,1.03,3.05,6.18,13.96,1.02,1.03,1.16,1.03,0.00,1.03,1.03,408717519.54,97.31,1.01,1.03,-0.94,0.08,8.67,,,0
SNFF11,Títulos e Val Mob,84.77,4472,0.65,0.75,3.10,5.30,10.55,1.03,0.88,0.88,0.75,0.00,0.75,0.75,251391286.35,88.83,0.95,1.46,-4.82,-3.43,1.12,,,0
BLMC11,Outros,76.29,2,0.81,1.08,2.92,5.97,13.49,0.97,1.00,1.12,1.08,0.00,1.08,1.08,38382613.19,96.08,0.79,0.84,0.00,0.84,0.84,,,0
RZAK11,Títulos e Val Mob,96.58,32155,1.20,1.22,4.17,8.74,18.20,1.39,1.46,1.52,1.22,0.00,1.22,1.22,360999586.28,92.64,1.04,1.62,-0.41,1.20,7.90,,,0
ALZM11,Títulos e Val Mob,84.51,1201,0.87,1.10,1.10,3.45,10.46,0.37,0.58,0.87,1.10,0.00,1.10,1.10,66447316.94,96.13,0.88,,,,,,,0
XPML11,Shoppings,100.50,31339,0.77,0.79,2.52,4.70,8.88,0.84,0.78,0.74,0.79,0.00,0.79,0.79,257877597.23,101.27,0.99,0.76,-0.66,0.10,6.56,3.90,,16
MCHY11,Títulos e Val Mob,106.46,388,1.40,1.27,5.79,9.73,17.24,1.93,1.62,1.44,1.27,0.00,1.27,1.27,357847552.23,99.69,1.07,3.41,-3.72,-0.43,9.03,,,0
MATV11,Títulos e Val Mob,81.30,1,1.00,1.23,3.33,6.27,13.86,1.11,1.05,1.15,1.23,0.00,1.23,1.23,39226174.04,92.09,0.88,0.87,-1.34,-0.49,-0.81,,,0
BTLG11,Logística,94.25,29763,0.74,0.79,2.34,4.53,8.90,0.78,0.75,0.74,0.79,0.00,0.79,0.79,289628167.96,99.19,0.95,0.75,0.09,0.84,4.82,,2.00,16
SNLG11,Logística,39.76,1192,0.35,0.91,2.67,4.62,11.75,0.89,0.77,0.98,0.91,0.00,0.91,0.91,116224996.02,61.55,0.65,0.57,57.54,58.43,-18.62,0.00,,3
ALZR11,Logística,111.91,7358,0.81,0.73,2.07,8.25,12.31,0.69,1.37,1.03,0.73,0.00,0.73,0.73,740337456.78,106.94,1.05,0.68,-0.03,0.65,7.26,0.00,,15
BPML11,Shoppings,57.00,87,0.27,0.46,1.37,2.49,5.26,0.46,0.42,0.44,0.46,0.00,0.46,0.46,53773355.75,124.75,0.46,,,,,5.80,,7
FCFL11,Outros,105.72,5796,0.80,0.72,2.09,4.10,8.46,0.70,0.68,0.71,0.72,0.00,0.72,0.72,403561990.48,116.17,0.91,0.69,0.00,0.69,0.69,0.00,,1
NCRA11,,93.22,1666,1.30,1.40,5.48,5.48,0.00,1.83,0.91,0.00,1.40,0.00,1.40,1.40,,,,,,,,,,0
XPIN11,Outros,70.77,5606,0.65,0.92,2.71,5.07,9.80,0.90,0.84,0.82,0.92,0.00,0.92,0.92,74047972.60,103.50,0.68,0.63,0.00,0.63,0.63,17.30,12.00,5
BTAL11,Outros,86.06,7535,0.83,0.93,2.73,5.28,10.38,0.91,0.88,0.87,0.93,0.00,0.93,0.93,633527504.16,105.89,0.81,0.78,-0.43,0.35,8.41,,,7
CNES11,Lajes Corporativas,29.28,27,0.13,0.41,1.32,2.38,3.87,0.44,0.40,0.32,0.41,0.00,0.41,0.41,263957120.08,89.50,0.33,0.12,2.57,2.70,4.26,56.70,,1
MORC11,Títulos e Val Mob,95.49,2025,1.15,1.19,3.53,7.16,15.87,1.18,1.19,1.32,1.19,0.00,1.19,1.19,125287392.96,96.98,0.98,1.13,-0.73,0.40,3.30,,,0
EDGA11,Lajes Corporativas,20.22,1126,0.13,0.62,2.03,3.86,8.37,0.68,0.64,0.70,0.62,0.00,0.62,0.62,233668180.11,61.30,0.33,0.21,0.00,0.21,0.21,48.81,,1
CCRF11,Títulos e Val Mob,83.33,15,1.37,1.60,2.73,5.16,12.45,0.91,0.86,1.04,1.60,0.00,1.60,1.60,149178347.27,94.90,0.88,1.45,0.00,1.45,1.45,,,0
EQIR11,Títulos e Val Mob,8.93,2572,0.11,1.24,3.50,17.03,23.83,1.17,2.84,1.99,1.24,0.00,1.24,1.24,4965462.53,9.76,0.91,,,,,,,0
ERCR11,Híbrido,7600.00,1,1149.15,0.00,0.00,0.00,0.00,0.00,0.00,0.00,,0.00,0.00,0.00,154744932.02,65128.34,1.17,1.76,0.00,1.76,1.76,,,0
BTRA11,Outros,84.22,8399,0.95,1.13,3.18,5.93,11.14,1.06,0.99,0.93,1.13,0.00,1.13,1.13,466641228.30,138.69,0.61,0.68,0.00,0.68,0.68,,,0
BTSI11,Híbrido,,,0.71,0.00,0.00,0.00,0.00,0.00,0.00,0.00,,0.00,0.00,0.00,19524485.24,104.29,,,,,,,,0
LFTT11,Residencial,68.15,368,6.54,8.90,27.01,0.00,0.00,9.00,0.00,0.00,15.86,0.03,8.93,16.51,283216343.77,38.25,1.78,13.37,0.00,13.37,13.37,,,0
HCHG11,Outros,80.00,1781,1.00,1.17,3.55,6.98,13.39,1.18,1.16,1.12,2.38,2.91,4.11,5.37,121717495.82,101.43,0.79,0.99,0.00,0.99,0.99,,,0
SPTW11,Lajes Corporativas,39.16,2748,0.42,1.08,3.14,6.04,11.57,1.05,1.01,0.96,2.11,-3.61,-2.57,-1.56,100300542.07,55.78,0.70,0.75,0.00,0.75,0.75,0.00,,1
RBRD11,Híbrido,33.41,606,0.32,0.95,2.65,4.97,9.58,0.88,0.83,0.80,1.87,-3.38,-2.47,-1.57,122769482.89,66.30,0.50,0.48,0.00,0.48,0.48,15.52,,4
SADI11,Títulos e Val Mob,89.70,1104,1.07,1.18,3.49,6.97,13.76,1.16,1.16,1.15,2.35,-1.65,-0.49,0.67,313671106.73,98.63,0.91,1.08,0.00,1.08,1.08,,,0
HBRH11,Híbrido,91.90,18,0.61,0.67,2.19,4.14,8.97,0.73,0.69,0.75,1.39,3.17,3.86,4.60,313796960.50,113.19,0.81,0.56,0.00,0.56,0.56,,,3
VOTS11,Títulos e Val Mob,81.36,102,1.10,1.35,3.95,6.83,14.96,1.32,1.14,1.25,2.61,-4.28,-2.99,-1.76,7781125.01,93.10,0.87,1.16,0.00,1.16,1.16,,,0
HUSI11,Hospital,1137.61,3,10.22,0.90,2.12,4.39,0.00,0.71,0.73,0.00,1.54,-0.65,0.25,0.89,115662727.67,993.99,1.14,0.74,0.00,0.74,0.74,,,0
BBRC11,Outros,93.50,870,0.99,1.05,3.07,6.08,11.93,1.02,1.01,0.99,2.08,-0.85,0.19,1.23,171457603.60,107.83,0.87,0.92,0.00,0.92,0.92,5.37,1.08,20
HGAG11,,36.00,1093,0.47,1.62,297.68,300.36,0.00,99.23,50.06,0.00,3.31,9.21,10.98,12.85,,,,,,,,,,0
VTLT11,Logística,89.83,707,0.88,1.00,2.83,5.43,10.80,0.94,0.90,0.90,1.95,-5.27,-4.32,-3.42,21326240.91,100.72,0.89,0.87,0.00,0.87,0.87,0.00,0.00,1
BCRI11,Títulos e Val Mob,87.19,26658,0.80,0.84,2.94,6.02,13.58,0.98,1.00,1.13,1.85,-4.49,-3.69,-2.72,628182442.20,100.38,0.87,1.00,0.00,1.00,1.00,,,0
PATC11,Lajes Corporativas,67.00,1452,0.22,0.33,4.90,14.31,18.15,1.63,2.38,1.51,0.65,-1.46,-1.14,-0.82,26618976.86,76.50,0.88,0.29,0.00,0.29,0.29,21.90,18.90,6
APTO11,Híbrido,8.29,17692,0.10,1.23,3.51,6.74,13.86,1.17,1.12,1.15,2.38,-6.44,-5.29,-4.20,39933777.14,9.95,0.83,1.00,0.00,1.00,1.00,,,0
HSLG11,Logística,76.57,15709,0.72,0.89,2.55,4.81,9.28,0.85,0.80,0.77,1.76,0.81,1.71,2.59,1327747793.11,104.88,0.73,0.67,0.00,0.67,0.67,1.10,,5
LSAG11,,105.20,324,1.48,1.39,3.58,5.06,0.00,1.19,0.84,0.00,2.50,-0.58,0.81,1.93,,,,,,,,,,0
NEWU11,Lajes Corporativas,63.50,90,0.10,0.16,0.61,0.85,1.55,0.20,0.14,0.13,0.39,41.55,41.78,42.10,5145127.14,68.79,0.92,0.15,0.00,0.15,0.15,63.20,,3
KNCR11,Títulos e Val Mob,98.81,92243,1.00,1.01,3.43,6.84,13.45,1.14,1.14,1.12,2.22,0.23,1.24,2.47,5752156652.13,100.74,0.98,1.19,0.00,1.19,1.19,,,0
VLOL11,Lajes Corporativas,92.77,3184,0.61,0.64,1.89,3.63,7.14,0.63,0.61,0.59,1.27,-3.05,-2.42,-1.81,198706747.67,111.33,0.83,0.55,0.00,0.55,0.55,0.00,,1
JSAF11,Títulos e Val Mob,78.00,4886,0.93,1.16,3.42,6.60,13.25,1.14,1.10,1.10,2.32,-0.40,0.76,1.93,14445967.64,91.83,0.85,1.01,0.00,1.01,1.01,,,0
SHPH11,Shoppings,652.00,249,3.40,0.52,1.44,2.79,5.58,0.48,0.46,0.46,0.98,-10.88,-10.42,-10.01,544508819.31,894.18,0.73,,,,,10.80,,1
RURA11,,10.44,96911,0.11,1.05,3.36,4.42,0.00,1.12,0.74,0.00,2.00,0.86,1.92,2.89,,,,,,,,,,0
RBED11,Outros,122.10,552,1.26,1.03,3.15,6.01,11.72,1.05,1.00,0.98,2.08,2.07,3.12,4.20,333340143.36,144.32,0.85,0.87,0.00,0.87,0.87,0.00,,5
HABT11,Títulos e Val Mob,87.15,18848,1.20,1.37,3.97,7.06,14.39,1.32,1.18,1.20,2.67,-3.76,-2.44,-1.17,810671378.92,99.75,0.87,1.18,0.00,1.18,1.18,,,0
CXAG11,Outros,76.29,949,0.75,0.97,3.17,6.01,12.01,1.06,1.00,1.00,1.93,0.25,1.21,2.19,239776557.58,114.69,0.67,0.65,0.00,0.65,0.65,,,0
XPHT11,Hotel,102.01,8,1.10,1.05,3.69,7.80,10.10,1.23,1.30,0.84,2.17,-5.41,-4.41,-3.34,358486293.56,94.22,1.08,,,,,64.90,,5
XPLG11,Logística,91.65,38488,0.74,0.79,2.35,4.47,8.69,0.78,0.74,0.72,1.60,2.83,3.64,4.49,398182791.95,114.32,0.80,0.65,0.00,0.65,0.65,8.80,1.20,13
RZAG11,Títulos e Val Mob,9.56,168165,0.12,1.25,3.74,7.50,15.00,1.25,1.25,1.25,2.50,1.14,2.41,3.69,662243738.74,9.73,0.98,,,,,,,0
KINP11,Residencial,9.36,3934,0.20,1.91,7.09,12.94,26.25,2.36,2.16,2.19,5.02,14.11,16.29,19.90,28595790.20,4.00,2.34,6.99,0.00,6.99,6.99,,,0
HTMX11,Hotel,104.75,1630,0.63,0.59,2.37,5.08,7.27,0.79,0.85,0.61,1.24,-6.70,-6.15,-5.54,211128423.78,140.35,0.75,,,,,65.00,,23
VCRR11,Residencial,69.03,1586,0.67,0.96,2.82,5.46,10.91,0.94,0.91,0.91,1.91,-2.39,-1.45,-0.52,256508987.83,128.25,0.54,0.52,0.00,0.52,0.52,,,0
URPR11,Outros,97.20,34168,1.30,1.31,3.74,7.28,16.53,1.25,1.21,1.38,2.55,-1.90,-0.61,0.62,1156551277.20,99.06,0.98,1.26,0.00,1.26,1.26,,,0
HUSC11,Outros,99.40,9,0.85,0.83,2.49,4.10,9.70,0.83,0.68,0.81,1.66,-2.25,-1.44,-0.62,116621564.53,146.77,0.68,0.59,0.00,0.59,0.59,,,0
NEWL11,Híbrido,100.06,969,0.93,0.93,3.20,5.91,12.00,1.07,0.99,1.00,1.86,1.02,1.95,2.91,244177290.35,120.10,0.83,0.77,0.00,0.77,0.77,0.00,,2
JPPA11,Títulos e Val Mob,101.14,1555,1.40,1.36,4.04,8.27,18.71,1.35,1.38,1.56,2.70,-1.54,-0.20,1.14,88456979.33,97.85,1.03,1.43,0.00,1.43,1.43,,,0
BICR11,Títulos e Val Mob,100.57,5,0.72,0.73,2.28,5.05,9.77,0.76,0.84,0.81,1.53,0.34,1.07,1.89,49727672.72,99.46,1.01,0.72,0.08,0.80,1.61,,,0
EVBI11,Híbrido,93.90,90,0.75,0.80,2.39,4.68,9.37,0.80,0.78,0.78,1.60,0.00,0.80,1.60,16754672.37,99.84,0.94,0.75,0.00,0.75,0.75,0.00,,4
LGCP11,Logística,74.67,2695,0.60,0.78,2.32,4.54,9.15,0.77,0.76,0.76,1.57,-1.62,-0.86,-0.07,280850190.46,102.77,0.73,0.58,-0.01,0.57,1.18,0.50,,5
FIIP11B,Logística,139.86,1375,1.35,0.94,2.77,5.36,10.30,0.92,0.89,0.86,1.86,-1.70,-0.78,0.14,172719505.49,186.29,0.75,0.72,0.00,0.72,0.72,0.00,,7
HSML11,Shoppings,79.50,25158,0.74,0.94,2.67,5.03,9.69,0.89,0.84,0.81,1.81,-1.51,-0.59,0.28,1521256135.18,96.40,0.82,0.73,0.00,0.73,0.73,4.50,,6
EDFO11B,Lajes Corporativas,200.00,5,1.67,0.84,2.52,5.08,9.76,0.84,0.85,0.81,1.69,0.50,1.34,2.21,42629769.94,180.63,1.11,0.94,0.00,0.94,0.94,7.10,,1
PORD11,Títulos e Val Mob,86.20,4574,1.05,1.19,3.42,6.51,15.28,1.14,1.09,1.27,2.42,-3.84,-2.69,-1.50,363550200.18,97.51,0.88,1.15,0.00,1.15,1.15,,,0
BRCO11,Logística,92.90,29481,0.62,0.66,1.97,3.93,7.93,0.66,0.66,0.66,1.31,-3.06,-2.41,-1.78,1794750559.87,121.44,0.76,0.51,0.00,0.51,0.51,0.00,0.00,10
VINO11,Lajes Corporativas,44.10,17733,0.31,0.73,2.16,4.21,8.49,0.72,0.70,0.71,1.44,-3.60,-2.90,-2.21,907780630.41,54.80,0.80,0.57,0.00,0.57,0.57,4.20,,9
PQDP11,Shoppings,205.00,31,17.34,0.84,2.13,4.53,8.97,0.71,0.75,0.75,1.35,0.74,1.59,2.10,813718968.26,3314.36,0.60,0.50,0.07,0.57,1.70,3.60,,1
BBFI11B,Lajes Corporativas,245.00,107,27.08,1.30,3.96,8.18,16.58,1.32,1.36,1.38,2.59,-0.43,0.87,2.16,37112402.95,2854.80,0.72,0.93,0.12,1.06,6.06,39.11,,2
BBIM11,Títulos e Val Mob,,,0.15,0.00,0.00,0.00,0.00,0.00,0.00,0.00,,0.00,0.00,0.00,30913214.77,29.87,,0.50,0.00,0.50,0.50,,,0
BCIA11,Títulos e Val Mob,82.00,2983,0.78,0.95,2.76,5.31,10.45,0.92,0.88,0.87,1.86,-1.80,-0.86,0.04,360458463.59,96.92,0.85,0.80,-0.60,0.20,0.98,,,0
CBOP11,Lajes Corporativas,41.51,589,0.12,0.28,2.71,5.33,11.00,0.90,0.89,0.92,0.54,-6.39,-6.13,-5.89,104523734.87,73.87,0.56,0.16,0.00,0.16,0.16,33.59,30.79,1
RBHY11,Títulos e Val Mob,94.00,604,1.20,1.26,3.73,7.63,16.10,1.24,1.27,1.34,2.49,-1.53,-0.29,0.94,179305483.98,94.70,0.99,1.27,0.00,1.27,1.27,,,0
PATL11,Híbrido,61.25,10229,0.60,0.96,2.64,4.88,9.44,0.88,0.81,0.79,1.81,-8.12,-7.24,-6.44,489269975.99,98.02,0.62,0.59,0.00,0.59,0.59,0.00,0.00,4
CXCE11B,Outros,39.85,192,0.41,1.03,3.00,6.09,11.45,1.00,1.01,0.95,2.03,-1.58,-0.56,0.43,112388124.70,65.61,0.61,0.63,0.01,0.64,0.64,0.00,,1
HGBS11,Shoppings,178.23,8750,1.40,0.77,2.27,4.30,8.44,0.76,0.72,0.70,1.53,-1.29,-0.53,0.22,2213923649.27,221.39,0.81,0.63,0.00,0.63,0.63,6.50,,17
BBGO11,Títulos e Val Mob,77.91,9768,0.87,1.09,3.32,6.39,11.02,1.11,1.06,0.92,2.17,-1.18,-0.10,0.98,392409748.89,97.98,0.80,0.89,0.00,0.89,0.89,,,0
FIIB11,Híbrido,435.80,696,3.25,0.73,2.33,4.65,9.14,0.78,0.78,0.76,1.45,-1.55,-0.83,-0.12,315429737.15,460.48,0.95,0.71,0.00,0.71,0.71,6.28,,1
PQAG11,Logística,52.00,79,0.44,0.83,2.44,4.80,9.09,0.81,0.80,0.76,1.65,-1.83,-1.02,-0.21,800863763.13,57.24,0.91,0.77,0.00,0.77,0.77,0.00,,1
VCJR11,Títulos e Val Mob,89.00,30956,0.95,1.07,3.37,4.28,11.85,1.12,0.71,0.99,2.27,-2.08,-1.03,0.15,1389190344.58,94.35,0.94,1.14,0.00,1.14,1.14,,,0
FVPQ11,Shoppings,98.09,155,0.62,0.63,2.90,4.06,7.83,0.97,0.68,0.65,1.86,-2.27,-1.65,-0.45,536125450.99,191.46,0.51,0.65,0.00,0.65,0.65,5.50,,1
HGCR11,Títulos e Val Mob,101.94,26127,1.20,1.18,3.53,7.07,13.84,1.18,1.18,1.15,2.35,-0.66,0.51,1.69,1551733628.04,100.64,1.01,1.19,0.00,1.19,1.19,,,0
VIFI11,Títulos e Val Mob,6.80,3776,0.07,0.96,2.83,5.25,10.40,0.94,0.88,0.87,1.90,-2.02,-1.08,-0.15,69794791.27,8.63,0.79,0.75,0.00,0.75,0.75,,,0
MXRF11,Híbrido,10.25,578281,0.12,1.17,3.25,6.01,12.64,1.08,1.00,1.05,2.26,0.79,1.97,3.08,2284497771.46,10.11,1.01,,,,,,,0
KNCA11,Títulos e Val Mob,105.42,19155,1.08,1.01,3.50,7.43,14.66,1.17,1.24,1.22,2.19,-2.79,-1.80,-0.64,1439269215.09,102.08,1.03,1.27,0.00,1.27,1.27,,,0
KISU11,Títulos e Val Mob,8.00,101929,0.08,0.94,2.98,5.70,11.45,0.99,0.95,0.95,1.87,-1.85,-0.93,-0.01,375784403.68,8.50,0.94,0.88,0.00,0.88,0.88,,,0
HPDP11,Shoppings,71.01,59,0.45,0.64,1.65,3.60,6.85,0.55,0.60,0.57,1.22,-8.29,-7.70,-7.16,259220664.37,89.12,0.80,0.50,0.00,0.50,0.50,2.00,,1
NVHO11,Hospital,11.29,6,0.08,0.77,2.37,4.78,8.94,0.79,0.80,0.74,1.53,-2.27,-1.52,-0.77,579233139.26,13.96,0.81,0.60,0.00,0.60,0.60,,,1
RNDP11,Títulos e Val Mob,147.99,73,0.33,0.21,1.26,3.48,9.70,0.42,0.58,0.81,0.74,1.62,1.83,2.37,20713235.06,192.72,0.77,0.43,0.00,0.43,0.43,,,0
KNRI11,Híbrido,136.00,22647,0.95,0.69,2.06,3.93,7.66,0.69,0.65,0.64,1.34,-1.78,-1.10,-0.46,3862362439.82,159.89,0.85,0.57,0.00,0.57,0.57,2.00,6.72,20
PLOG11,Logística,70.88,672,0.75,1.05,3.11,6.00,12.28,1.04,1.00,1.02,2.09,-1.07,-0.03,1.01,79769186.58,106.36,0.67,0.71,0.00,0.71,0.71,20.40,,1
VIUR11,Títulos e Val Mob,6.50,12028,0.07,1.11,3.04,5.83,11.65,1.01,0.97,0.97,2.13,-7.54,-6.51,-5.56,247505992.49,9.19,0.71,0.78,0.00,0.78,0.78,0.00,,6
RBHG11,Títulos e Val Mob,83.22,2735,1.05,1.25,3.70,7.60,16.10,1.23,1.27,1.34,2.44,-0.32,0.93,2.13,159833690.61,92.52,0.90,1.08,0.00,1.08,1.08,,,0
LUGG11,Residencial,72.41,184,0.58,0.79,2.24,4.33,8.55,0.75,0.72,0.71,1.53,-1.69,-0.91,-0.18,13293611.23,117.57,0.62,0.49,-0.58,-0.09,0.37,2.40,,4
TGAR11,Outros,116.22,21987,1.31,1.16,3.32,7.07,14.61,1.11,1.18,1.22,2.25,-4.87,-3.77,-2.72,1821734452.51,132.16,0.88,0.98,0.00,0.98,0.98,,,0
HLOG11,Logística,83.56,375,0.65,0.77,2.24,4.31,8.64,0.75,0.72,0.72,1.52,-2.49,-1.74,-1.00,494549459.45,116.36,0.72,0.56,0.00,0.56,0.56,58.00,0.00,3
JFLL11,Residencial,57.85,845,0.62,1.03,3.10,5.78,10.91,1.03,0.96,0.91,2.08,1.64,2.69,3.77,151606858.87,101.03,0.57,0.61,0.00,0.61,0.61,28.00,,2
PLRI11,Títulos e Val Mob,20.11,25,0.15,0.64,1.84,4.32,7.63,0.61,0.72,0.64,1.08,-3.52,-2.91,-2.48,3078960.58,32.26,0.62,0.34,0.00,0.34,0.34,,,0
CXTL11,Logística,390.00,1,1.65,0.40,0.87,1.87,3.16,0.29,0.31,0.26,0.78,5.46,5.88,6.29,25488675.98,475.56,0.82,0.32,0.00,0.32,0.32,61.00,,3
RRCI11,Títulos e Val Mob,84.09,144,1.05,1.25,3.31,6.78,15.43,1.10,1.13,1.29,2.29,-2.71,-1.49,-0.47,43697787.94,90.71,0.93,0.99,0.00,0.99,0.99,,,0
ATSA11,Shoppings,74.03,1,0.05,0.07,0.20,0.39,1.69,0.07,0.06,0.14,0.13,0.00,0.07,0.13,142803950.32,81.55,0.91,0.06,0.00,0.06,0.06,21.90,,1
RBRS11,Híbrido,56.51,4,0.40,0.75,2.38,4.57,9.16,0.79,0.76,0.76,1.49,-9.68,-9.00,-8.33,163159603.33,94.08,0.60,0.46,0.00,0.46,0.46,,,0
TEPP11,Lajes Corporativas,66.77,5471,0.50,0.75,2.22,4.09,8.24,0.74,0.68,0.69,1.46,-2.88,-2.16,-1.46,403454125.82,95.56,0.70,0.51,0.00,0.51,0.51,9.06,18.03,5
BPFF11,Títulos e Val Mob,60.35,4853,0.62,1.01,2.93,5.80,12.27,0.98,0.97,1.02,1.97,-5.14,-4.18,-3.27,322269846.68,71.74,0.84,0.86,0.00,0.86,0.86,,,0
PLCR11,Híbrido,83.89,5587,1.00,1.19,3.54,7.23,15.16,1.18,1.20,1.26,2.37,-0.34,0.84,2.03,191604396.10,90.84,0.92,1.10,-1.64,-0.56,9.06,,,0
SPVJ11,Outros,,,0.67,0.00,0.00,0.00,0.00,0.00,0.00,0.00,,0.00,0.00,0.00,733831751.00,116.26,,0.58,0.00,0.58,0.58,,,0
MFAI11,Híbrido,56.98,623,0.57,1.00,3.12,5.91,11.64,1.04,0.98,0.97,2.00,-1.67,-0.69,0.30,21542500.83,68.16,0.84,,,,,,,0
KNIP11,Títulos e Val Mob,90.91,70735,0.91,1.00,3.13,4.38,12.19,1.04,0.73,1.02,2.11,0.63,1.64,2.76,7509519400.05,93.78,0.97,1.07,0.00,1.07,1.07,,,0
MALL11,Shoppings,99.00,10513,0.78,0.79,2.31,4.49,8.79,0.77,0.75,0.73,1.55,-4.69,-3.93,-3.20,194178737.27,119.91,0.83,,,,,4.00,,8
PVBI11,Lajes Corporativas,86.45,28262,0.61,0.71,2.04,3.83,7.47,0.68,0.64,0.62,1.43,0.88,1.60,2.33,140547991.88,103.65,0.83,0.55,4.63,5.20,8.21,0.10,,4
STRX11,Híbrido,22.96,3180000,0.78,0.00,0.00,0.00,0.00,0.00,0.00,0.00,,0.00,0.00,0.00,239120300.39,148.19,0.15,0.53,-0.08,0.45,1.04,,,0
BBFO11,Títulos e Val Mob,66.31,1665,0.73,1.11,3.22,5.85,12.50,1.07,0.98,1.04,2.26,-0.87,0.23,1.38,316997914.16,79.17,0.84,0.97,0.00,0.97,0.97,,,0
PLCA11,,97.78,369,1.10,1.15,3.45,0.00,0.00,1.15,0.00,0.00,2.30,1.05,2.21,3.39,,,,,,,,,,0
RNGO11,Lajes Corporativas,47.00,1789,0.43,0.91,2.70,5.31,10.23,0.90,0.88,0.85,1.82,-0.55,0.36,1.27,231716213.79,86.59,0.54,0.50,0.00,0.50,0.50,24.10,,3
VILG11,Logística,85.20,36975,0.53,0.61,2.03,4.05,8.34,0.68,0.68,0.70,1.33,-7.00,-6.44,-5.76,1680476898.92,112.05,0.76,0.60,0.00,0.60,0.60,0.00,,16
CACR11,Híbrido,104.23,2697,1.42,1.34,4.11,8.51,15.91,1.37,1.42,1.33,2.69,2.92,4.29,5.71,187613166.19,103.80,1.00,1.35,0.00,1.35,1.35,,,0
FPAB11,Lajes Corporativas,135.50,422,1.52,1.13,3.53,5.98,10.52,1.18,1.00,0.88,2.33,-1.46,-0.35,0.85,281400133.14,375.20,0.36,0.44,0.00,0.44,0.44,33.79,,1
RBVA11,Outros,91.00,3618,0.95,1.03,3.20,6.58,12.79,1.07,1.10,1.07,2.04,-2.76,-1.76,-0.77,1235324531.19,106.60,0.85,0.89,0.00,0.89,0.89,0.70,,72
HSAF11,Títulos e Val Mob,77.40,11923,0.90,1.15,3.30,6.37,13.64,1.10,1.06,1.14,2.28,-1.12,0.01,1.15,23072809.20,91.07,0.85,0.99,0.00,0.99,0.99,,,0
GTWR11,Lajes Corporativas,75.64,16348,0.79,1.06,3.12,5.85,11.73,1.04,0.98,0.98,2.13,-0.01,1.05,2.12,1136832641.35,94.74,0.80,0.83,0.00,0.83,0.83,0.00,0.00,1
MFII11,Híbrido,94.50,1679,1.10,1.17,3.50,6.90,13.67,1.17,1.15,1.14,2.30,-2.73,-1.60,-0.48,430508232.75,103.81,0.91,,,,,,,9
ARRI11,Títulos e Val Mob,9.14,54585,0.07,0.75,3.53,7.74,15.67,1.18,1.29,1.31,2.13,-1.27,-0.53,0.84,108250162.27,8.85,1.03,1.47,0.00,1.47,1.47,,,0
RBVO11,Outros,9.17,154,0.02,0.21,0.36,0.99,2.57,0.12,0.17,0.21,0.31,-3.88,-3.67,-3.58,882854.19,17.11,0.54,0.06,0.00,0.06,0.06,,,0
XPSF11,Outros,7.05,88916,0.08,1.09,3.13,6.21,11.98,1.04,1.03,1.00,2.12,-3.71,-2.67,-1.66,369792382.05,8.54,0.83,0.90,-4.04,-3.18,-89.40,,,0
HREC11,Títulos e Val Mob,75.03,3937,0.90,1.17,3.47,6.50,13.24,1.16,1.08,1.10,2.30,-2.46,-1.33,-0.20,455921879.22,88.41,0.85,1.02,0.00,1.02,1.02,,,0
VCRI11,,8.33,42630,0.11,1.29,3.90,7.87,0.00,1.30,1.31,0.00,2.53,-3.39,-2.14,-0.93,168271942.79,9.47,0.88,1.16,0.00,1.16,1.16,,,0
VSHO11,Shoppings,64.69,303,0.65,1.02,2.83,5.14,9.81,0.94,0.86,0.82,2.02,-2.02,-1.02,-0.03,208675763.86,99.43,0.65,0.65,0.00,0.65,0.65,12.96,,3
KCRE11,Renda,92.12,2042,0.87,0.93,2.82,0.00,0.00,0.94,0.00,0.00,2.13,4.06,5.03,6.29,350855789.03,97.46,0.95,1.11,0.00,1.11,1.11,,,0
RMAI11,Lajes Corporativas,48.00,20,0.26,0.53,1.46,3.17,7.57,0.49,0.53,0.63,1.03,-5.75,-5.25,-4.78,263485516.14,107.82,0.45,0.24,0.00,0.24,0.24,23.44,,1
RDPD11,Títulos e Val Mob,26.90,360,0.37,1.37,3.77,7.13,14.13,1.26,1.19,1.18,2.59,-3.50,-2.18,-0.99,30458260.17,28.25,0.95,1.20,0.00,1.20,1.20,,,0
LASC11,Shoppings,104.94,213,0.91,0.87,2.35,5.03,8.59,0.78,0.84,0.72,1.64,2.92,3.81,4.62,312550406.70,106.30,0.99,0.74,0.00,0.74,0.74,2.40,,3
VRTA11,Títulos e Val Mob,85.61,29544,0.95,1.06,3.22,6.30,13.55,1.07,1.05,1.13,2.21,2.61,3.70,4.89,1415905408.76,90.81,0.94,1.10,0.00,1.10,1.10,,,0
XPCA11,Títulos e Val Mob,9.84,161054,0.13,1.31,4.07,8.01,16.17,1.36,1.33,1.35,2.62,0.40,1.72,3.05,203824165.66,9.49,1.04,1.48,-0.14,1.34,12.47,,,0
KNHY11,Títulos e Val Mob,96.89,18055,1.08,1.10,3.46,5.26,12.79,1.15,0.88,1.07,2.49,2.40,3.53,4.96,181605470.21,98.21,0.99,1.35,0.00,1.35,1.35,,,0
NVIF11B,Outros,,,0.44,0.00,0.00,0.00,0.00,0.00,0.00,0.00,,0.00,0.00,0.00,107134679.57,317.53,,0.14,0.00,0.14,0.14,,,0
HSRE11,Híbrido,102.46,52,0.63,0.61,1.84,3.71,7.21,0.61,0.62,0.60,1.23,0.58,1.19,1.81,821157862.30,96.40,1.06,0.65,0.00,0.65,0.65,0.00,,29
RZTR11,Híbrido,85.53,25911,0.85,1.01,2.81,6.48,13.77,0.94,1.08,1.15,1.95,-6.63,-5.69,-4.80,166113876.24,96.50,0.89,0.88,0.00,0.88,0.88,,,10
QAMI11,Híbrido,78.70,84,0.95,1.19,3.42,6.30,14.06,1.14,1.05,1.17,2.30,-1.98,-0.81,0.29,73333958.70,91.51,0.86,0.87,-1.61,-0.75,10.69,,,0
OUJP11,Títulos e Val Mob,95.43,19954,1.25,1.26,3.80,7.61,16.11,1.27,1.27,1.34,2.54,0.80,2.07,3.37,324547926.63,99.79,0.96,1.25,0.00,1.25,1.25,,,0
HGRE11,Lajes Corporativas,111.02,13283,0.78,0.69,2.27,3.99,7.54,0.76,0.67,0.63,1.37,0.02,0.70,1.39,1855205413.24,156.98,0.71,0.50,0.00,0.50,0.50,27.13,29.17,21
NSLU11,Hospital,166.85,441,1.51,0.91,2.76,5.03,9.42,0.92,0.84,0.79,1.86,0.33,1.25,2.21,251911778.36,194.78,0.86,0.77,0.05,0.82,3.11,0.00,,1
KFOF11,Títulos e Val Mob,77.95,7544,0.72,0.92,2.78,5.25,10.40,0.93,0.88,0.87,1.87,1.87,2.81,3.78,399581482.68,88.14,0.88,0.82,0.00,0.82,0.82,,,0
HGRU11,Híbrido,115.42,27585,0.85,0.74,3.07,5.04,9.74,1.02,0.84,0.81,1.43,-3.74,-3.02,-2.35,226007284.34,122.78,0.94,0.67,0.00,0.67,0.67,0.00,0.00,17
ITIT11,Títulos e Val Mob,73.41,579,0.58,0.78,2.36,4.51,9.15,0.79,0.75,0.76,1.63,-2.91,-2.16,-1.32,67150606.57,74.57,0.98,0.78,-1.96,-1.20,-0.34,,,0
XPCI11,Outros,80.29,24805,1.00,1.25,3.36,5.84,12.74,1.12,0.97,1.06,2.47,1.45,2.72,3.97,814711734.76,93.63,0.86,0.64,-1.97,-1.34,10.11,,,0
XPCM11,Lajes Corporativas,14.41,1276,0.12,0.82,3.09,5.81,11.76,1.03,0.97,0.98,1.49,-18.15,-17.48,-16.92,10577399.94,43.81,0.33,0.27,0.00,0.27,0.27,100.00,,1
XPPR11,Outros,26.64,18725,0.10,0.33,2.18,4.52,8.96,0.73,0.75,0.75,1.25,-7.34,-7.03,-6.18,545397975.50,74.55,0.36,0.40,0.00,0.40,0.40,46.00,0.00,4
BNFS11,Outros,119.17,338,1.35,1.11,3.41,7.09,14.19,1.14,1.18,1.18,2.19,-1.08,0.02,1.10,63975331.10,91.39,1.30,1.45,0.00,1.45,1.45,0.00,,18
ABCP11,Shoppings,64.15,729,0.50,0.77,2.34,4.49,9.00,0.78,0.75,0.75,1.53,-2.90,-2.15,-1.41,430917128.00,91.51,0.70,0.55,0.00,0.55,0.55,7.50,,1
BARI11,Títulos e Val Mob,80.40,8378,0.90,1.07,3.09,6.15,13.87,1.03,1.02,1.16,2.06,-8.06,-7.07,-6.16,441182476.84,95.20,0.84,0.95,0.00,0.95,0.95,,,0
JGPX11,Híbrido,96.85,657,1.13,1.17,3.87,7.44,14.57,1.29,1.24,1.21,2.53,-0.67,0.49,1.86,8158672.11,96.20,1.01,,,,,,,0
RBTS11,Outros,1121.00,20,17.08,0.00,0.00,0.00,0.00,0.00,0.00,0.00,,0.00,0.00,0.44,61943113.63,195.85,1.02,0.46,0.00,0.46,0.46,,,0
HAAA11,Lajes Corporativas,65.78,7,0.47,0.67,1.97,3.89,7.49,0.66,0.65,0.62,1.26,-12.37,-11.78,-11.26,308451867.92,89.28,0.74,0.53,0.00,0.53,0.53,17.00,,1
ITIP11,Títulos e Val Mob,76.62,739,0.88,1.15,3.09,6.06,13.29,1.03,1.01,1.11,2.24,-0.95,0.18,1.28,58916480.43,78.75,0.97,1.12,-1.08,0.02,1.09,,,0
RSPD11,Residencial,10.02,103,8.37,0.00,0.00,0.00,0.00,0.00,0.00,0.00,,0.00,0.00,0.00,17170236.81,1148.04,0.01,0.63,0.00,0.63,0.63,,,0
RSPD11,Residencial,10.02,20507,8.37,0.00,0.00,0.00,0.00,0.00,0.00,0.00,,0.00,0.00,0.00,17170236.81,1148.04,0.01,0.63,0.00,0.63,0.63,,,0
RSPD11,Residencial,10.02,22773,8.37,0.00,0.00,0.00,0.00,0.00,0.00,0.00,,0.00,0.00,0.00,17170236.81,1148.04,0.01,0.63,0.00,0.63,0.63,,,0
RSPD11,Residencial,10.03,42904,8.37,0.00,0.00,0.00,0.00,0.00,0.00,0.00,,0.00,0.00,0.00,17170236.81,1148.04,0.01,0.63,0.00,0.63,0.63,,,0
RSPD11,Residencial,10.03,45627,8.37,0.00,0.00,0.00,0.00,0.00,0.00,0.00,,0.00,0.00,0.00,17170236.81,1148.04,0.01,0.63,0.00,0.63,0.63,,,0
RSPD11,Residencial,10.03,25802,8.37,0.00,0.00,0.00,0.00,0.00,0.00,0.00,,0.00,0.00,0.00,17170236.81,1148.04,0.01,0.63,0.00,0.63,0.63,,,0
RSPD11,Residencial,10.03,31960,8.37,0.00,0.00,0.00,0.00,0.00,0.00,0.00,,0.00,0.00,0.00,17170236.81,1148.04,0.01,0.63,0.00,0.63,0.63,,,0
RSPD11,Residencial,10.05,31636,8.37,0.00,0.00,0.00,0.00,0.00,0.00,0.00,,0.00,0.00,0.00,17170236.81,1148.04,0.01,0.63,0.00,0.63,0.63,,,0
RSPD11,Residencial,10.03,44516,8.37,0.00,0.00,0.00,0.00,0.00,0.00,0.00,,0.00,0.00,0.00,17170236.81,1148.04,0.01,0.63,0.00,0.63,0.63,,,0
GESE11B,Outros,1520.00,300,14.74,0.00,0.00,0.00,0.00,0.00,0.00,0.00,,0.00,0.00,0.00,92165204.01,1772.41,0.86,0.78,0.00,0.78,0.78,,,0
BICE11,Títulos e Val Mob,100.00,50,12.63,1.30,4.42,0.00,0.00,1.47,0.00,0.00,3.16,-1.12,0.17,2.03,69228822.25,971.25,1.03,1.89,0.00,1.89,1.89,,,0
EURO11,Logística,239.00,88,1.87,0.78,2.45,4.87,9.59,0.82,0.81,0.80,1.56,0.18,0.96,1.75,124835470.95,325.15,0.74,0.58,0.00,0.58,0.58,0.00,,6
KNSC11,Títulos e Val Mob,85.84,46601,0.87,1.00,3.27,5.31,12.08,1.09,0.88,1.01,2.19,-1.29,-0.30,0.88,116901887.90,88.06,0.97,1.18,0.00,1.18,1.18,,,0
RBFF11,Títulos e Val Mob,48.35,3441,0.49,0.96,2.89,5.70,11.21,0.96,0.95,0.93,1.93,0.30,1.26,2.24,239928753.34,63.99,0.76,0.80,-4.94,-4.19,6.43,,,0
FIGS11,Shoppings,46.81,2589,0.39,0.82,2.46,4.63,8.98,0.82,0.77,0.75,1.62,-1.75,-0.95,-0.15,217509161.41,76.32,0.61,0.51,0.00,0.51,0.51,13.70,,2
SDIL11,Logística,88.94,5629,0.83,0.92,2.68,5.23,10.24,0.89,0.87,0.85,1.82,-2.72,-1.82,-0.94,623975372.70,97.57,0.91,0.85,0.00,0.85,0.85,2.60,,5
GALG11,Híbrido,8.38,34408,0.08,0.95,2.72,5.30,10.44,0.91,0.88,0.87,1.84,-4.64,-3.73,-2.87,535708118.61,9.32,0.90,0.87,0.00,0.87,0.87,0.00,0.00,6
VJFD11,Híbrido,,,1.02,0.00,0.00,0.00,0.00,0.00,0.00,0.00,,0.00,0.00,0.00,663648757.82,136.10,,0.75,0.00,0.75,0.75,,,0
FLRP11,Shoppings,1570.00,15,13.00,0.80,2.21,4.14,8.88,0.74,0.69,0.74,1.62,2.21,3.03,3.88,119166577.69,1826.81,0.86,0.71,0.00,0.71,0.71,2.01,,1
WPLZ11,Shoppings,68.30,18,0.45,0.66,1.99,3.95,7.06,0.66,0.66,0.59,1.25,-9.40,-8.81,-8.26,89651439.97,87.83,0.78,0.51,0.00,0.51,0.51,11.00,,1
HGLG11,Logística,159.80,32466,1.10,0.68,2.70,4.70,10.01,0.90,0.78,0.83,1.36,-0.38,0.30,0.98,3593946727.56,153.22,1.04,0.72,0.00,0.72,0.72,6.90,6.50,17
HGPO11,Lajes Corporativas,246.38,450,1.60,0.65,1.88,3.74,7.02,0.63,0.62,0.59,1.27,-3.45,-2.83,-2.22,524799753.54,299.36,0.82,0.53,0.00,0.53,0.53,4.99,2.72,2
BLMO11,Lajes Corporativas,21775.00,56,50.00,0.24,0.24,0.53,1.07,0.08,0.09,0.09,0.24,0.00,0.24,0.24,12676715.42,33386.10,0.65,0.11,0.00,0.11,0.11,0.00,,1
BTWR11,Lajes Corporativas,107.00,2,0.40,0.37,0.37,1.63,3.65,0.12,0.27,0.30,0.37,0.00,0.37,0.37,90269881.80,111.54,0.96,0.32,0.00,0.32,0.32,12.00,,1
BTSG11,Híbrido,100.00,1,0.87,0.00,0.00,0.00,0.00,0.00,0.00,0.00,,0.00,0.00,0.00,106703403.82,137.68,0.73,0.63,0.01,0.64,1.27,,,0
SARE11,Híbrido,58.50,20386,0.63,1.03,3.04,5.64,10.93,1.01,0.94,0.91,2.10,1.23,2.27,3.36,8696560.53,94.11,0.62,0.68,0.00,0.68,0.68,6.20,,3
TRXF11,Outros,102.99,24314,0.85,0.82,2.77,5.14,10.27,0.92,0.86,0.86,1.63,-0.86,-0.05,0.76,1250647871.60,104.28,0.99,0.82,0.00,0.82,0.82,0.00,,44
CXCO11,Lajes Corporativas,68.45,1509,0.51,0.73,2.77,5.66,11.24,0.92,0.94,0.94,1.75,-2.12,-1.41,-0.40,389867445.16,99.34,0.69,0.74,0.00,0.74,0.74,,,0
HFOF11,Títulos e Val Mob,65.59,13267,0.63,0.96,2.80,5.24,10.21,0.93,0.87,0.85,1.91,-1.94,-0.99,-0.05,182905677.09,79.48,0.83,0.79,0.00,0.79,0.79,,,0
HOSI11,Híbrido,61.38,13,0.42,0.68,4.33,6.38,9.70,1.44,1.06,0.81,1.36,-4.85,-4.21,-3.55,5389249.68,92.58,0.66,0.48,0.00,0.48,0.48,,,2
JSRE11,Híbrido,62.26,30909,0.46,0.68,2.11,3.93,7.71,0.70,0.65,0.64,1.44,4.86,5.58,6.38,2342973830.47,112.82,0.55,0.43,0.00,0.43,0.43,14.80,13.40,5
HGFF11,Títulos e Val Mob,70.23,11779,0.65,0.92,2.73,5.19,10.30,0.91,0.87,0.86,1.82,-1.81,-0.90,-0.01,242184404.12,84.57,0.83,0.77,0.00,0.77,0.77,,,0
VISC11,Shoppings,105.00,26246,0.80,0.78,2.34,4.40,8.50,0.78,0.73,0.71,1.54,-3.46,-2.71,-1.97,2311553641.72,124.34,0.84,0.66,0.00,0.66,0.66,8.30,,15
RFOF11,Títulos e Val Mob,66.00,1033,0.70,1.04,3.06,5.93,11.57,1.02,0.99,0.96,2.04,-3.72,-2.72,-1.74,83550737.06,77.49,0.85,0.90,0.00,0.90,0.90,,,0
VCRA11,Títulos e Valores Mobiliários,105.24,4928,1.00,0.94,3.72,5.03,0.00,1.24,0.84,0.00,2.31,-2.62,-1.71,-0.36,47045720.01,102.41,1.03,1.46,0.00,1.46,1.46,,,0
CYCR11,Títulos e Val Mob,8.02,57923,0.10,1.23,3.66,7.19,14.28,1.22,1.20,1.19,2.35,-3.66,-2.48,-1.39,155109836.70,95.07,0.08,0.11,-0.69,-0.59,6.16,,,0
IDFI11,Híbrido,53.83,156,0.50,0.92,1.66,3.20,11.55,0.55,0.53,0.96,1.13,-1.24,-0.32,-0.12,11473776.01,55.43,0.97,0.21,0.00,0.21,0.21,,,0
AAZQ11,,9.65,34946,0.13,1.35,0.00,0.00,0.00,0.00,0.00,0.00,2.90,-0.72,0.62,2.17,,,,,,,,,,0
LVBI11,Logística,93.00,28825,0.72,0.75,2.25,4.32,8.73,0.75,0.72,0.73,1.52,-0.94,-0.20,0.58,1360113106.61,115.51,0.81,0.65,-0.03,0.62,4.47,0.50,0.00,10
VGHF11,Títulos e Val Mob,9.10,309628,0.10,1.11,3.16,6.14,13.93,1.05,1.02,1.16,2.20,-1.64,-0.55,0.54,667476760.64,9.16,0.99,,,,,,,0
BBPO11,Lajes Corporativas,82.50,26226,0.90,1.10,3.21,6.23,12.63,1.07,1.04,1.05,2.14,-5.90,-4.86,-3.88,1603971546.08,100.75,0.82,0.89,0.00,0.89,0.89,0.00,0.00,64
AIEC11,Lajes Corporativas,62.63,5695,0.75,1.22,3.39,6.46,12.76,1.13,1.08,1.06,1.49,-7.46,-6.33,-6.08,454619127.52,94.22,0.66,0.19,0.00,0.19,0.19,0.00,,2
HUSI11,Hospital,1137.61,3,7.83,0.69,1.91,4.18,0.00,0.64,0.70,0.00,1.33,-0.65,0.04,0.68,115662727.67,993.99,1.14,0.74,0.00,0.74,0.74,,,0
HGIC11,Títulos e Val Mob,100.00,71,0.85,0.85,2.57,5.76,11.42,0.86,0.96,0.95,1.49,-2.30,-1.46,-0.83,53391265.10,115.39,0.87,0.57,0.00,0.57,0.57,,,0
CRFF11,Títulos e Val Mob,62.15,115,0.61,0.95,2.89,5.40,10.61,0.96,0.90,0.88,1.91,0.42,1.38,2.35,56441962.29,81.80,0.76,0.75,0.00,0.75,0.75,,,0
QAGR11,Outros,41.31,4026,0.42,1.00,2.96,5.63,10.57,0.99,0.94,0.88,1.99,-0.64,0.35,1.35,281473386.20,55.85,0.74,0.73,-0.08,0.65,-1.68,,,12
RBLG11,Logística,93.19,10,0.88,0.94,2.80,5.51,11.00,0.93,0.92,0.92,1.87,-1.87,-0.95,-0.03,64230672.96,100.33,0.93,0.88,-1.10,-0.23,2.59,0.00,,1
CXRI11,Híbrido,60.85,60,0.56,0.92,2.71,5.09,10.24,0.90,0.85,0.85,1.81,-3.17,-2.28,-1.42,126744425.48,80.43,0.76,0.70,0.00,0.70,0.70,,,0
GGRC11,Logística,105.88,13780,0.95,0.91,2.66,5.25,10.17,0.89,0.87,0.85,1.84,0.70,1.62,2.55,115193319.92,124.81,0.85,0.76,0.00,0.76,0.76,0.00,0.00,20
BREV11,Híbrido,102.59,20,4.13,4.01,13.32,15.33,18.91,4.44,2.56,1.58,4.63,0.02,4.03,4.68,117322323.15,121.30,0.85,0.53,0.00,0.53,0.53,0.00,,12
ERPA11,,123.96,3,0.66,0.53,1.67,3.34,0.00,0.56,0.56,0.00,1.11,3.30,3.85,4.45,6865683.51,137.06,0.90,0.51,0.00,0.51,0.51,,,0
OIAG11,,10.66,34403,0.17,1.59,4.74,6.11,0.00,1.58,1.02,0.00,3.24,3.29,4.94,6.67,,,,,,,,,,0
FLMA11,Híbrido,121.03,585,0.78,0.64,2.06,4.26,8.45,0.69,0.71,0.70,1.27,-6.08,-5.48,-4.89,221279915.81,160.27,0.76,0.50,0.00,0.50,0.50,11.00,,2
BLMR11,Títulos e Val Mob,6.20,58740,0.07,1.05,3.03,6.05,12.20,1.01,1.01,1.02,2.08,-2.05,-1.03,-0.01,192139436.48,7.52,0.82,0.86,0.00,0.86,0.86,,,0
FLCR11,Títulos e Val Mob,95.94,702,1.15,1.20,3.55,6.11,14.70,1.18,1.02,1.22,2.34,-0.06,1.14,2.29,62261956.25,98.27,0.98,1.12,0.00,1.12,1.12,,,0
GTLG11,,96.01,19,0.70,0.73,2.16,4.30,8.50,0.72,0.72,0.71,1.44,-2.03,-1.32,-0.61,673719858.78,93.92,1.02,0.75,0.00,0.75,0.75,,,0
BREV11,Híbrido,102.59,20,0.41,0.40,9.71,11.72,15.30,3.24,1.95,1.27,1.02,-0.38,0.02,0.64,117322323.15,121.30,0.85,0.53,0.00,0.53,0.53,0.00,,12
BIME11,,7.38,12304,0.08,1.08,3.03,5.16,14.22,1.01,0.86,1.18,2.12,-4.16,-3.12,-2.11,52284897.57,8.94,0.83,0.89,0.00,0.89,0.89,,,0
FISC11,Lajes Corporativas,165.00,200,0.38,0.00,0.00,0.00,0.00,0.00,0.00,0.00,,0.00,0.00,0.00,195826719.93,115.19,1.43,0.30,0.00,0.30,0.30,,,0
FATN11,Híbrido,94.75,1496,0.74,0.78,2.71,5.45,10.57,0.90,0.91,0.88,1.74,0.79,1.57,2.55,120838445.94,99.44,0.95,0.91,0.00,0.91,0.91,4.30,,7
NCRI11,Títulos e Valores Mobiliários,9.39,46,0.11,1.17,0.00,0.00,0.00,0.00,0.00,0.00,1.17,0.00,1.17,1.17,39894696.81,10.10,0.93,1.09,0.00,1.09,1.09,,,0
NCHB11,Títulos e Val Mob,85.23,7431,1.02,1.20,3.51,7.31,14.71,1.17,1.22,1.23,2.35,-1.70,-0.52,0.63,145806912.83,90.18,0.95,1.11,-1.14,-0.04,3.18,,,0
